iter	RMSE
0	0.01390787872
1	0.01347989925
2	0.01305118076
3	0.01266163829
4	0.01231479039
5	0.01196093143
6	0.01166733747
7	0.01136061444
8	0.01107773896
9	0.01080045753
10	0.01055026176
11	0.01030013753
12	0.01007465807
13	0.009865393674
14	0.009666204405
15	0.009501872617
16	0.009331356076
17	0.009180334114
18	0.009018426856
19	0.008886525274
